,A,C,D,E,F,G,H,I,K,L,M,N,P,Q,R,S,T,V,W,Y
0,0.0,0.0,0.14285714285714285,0.07142857142857142,0.14285714285714285,0.0,0.0,0.07142857142857142,0.0,0.0,0.14285714285714285,0.0,0.0,0.0,0.14285714285714285,0.0,0.0,0.21428571428571427,0.0,0.07142857142857142
1,0.5,0.0,0.0,0.0,0.0,0.0,0.0,0.0,0.07142857142857142,0.0,0.0,0.0,0.0,0.07142857142857142,0.0,0.2857142857142857,0.07142857142857142,0.0,0.0,0.0
2,0.07142857142857142,0.0,0.0,0.0,0.0,0.0,0.0,0.14285714285714285,0.35714285714285715,0.0,0.0,0.07142857142857142,0.0,0.0,0.07142857142857142,0.07142857142857142,0.0,0.21428571428571427,0.0,0.0
3,0.07142857142857142,0.0,0.0,0.21428571428571427,0.0,0.2857142857142857,0.07142857142857142,0.0,0.0,0.21428571428571427,0.0,0.0,0.14285714285714285,0.0,0.0,0.0,0.0,0.0,0.0,0.0
4,0.14285714285714285,0.0,0.0,0.0,0.0,0.0,0.0,0.14285714285714285,0.0,0.42857142857142855,0.0,0.0,0.0,0.0,0.0,0.0,0.0,0.2857142857142857,0.0,0.0
5,0.07142857142857142,0.0,0.14285714285714285,0.0,0.0,0.14285714285714285,0.07142857142857142,0.14285714285714285,0.0,0.0,0.0,0.0,0.0,0.14285714285714285,0.14285714285714285,0.07142857142857142,0.0,0.07142857142857142,0.0,0.0
6,0.0,0.0,0.0,0.0,0.0,0.0,0.0,0.21428571428571427,0.2857142857142857,0.0,0.0,0.0,0.07142857142857142,0.14285714285714285,0.0,0.07142857142857142,0.21428571428571427,0.0,0.0,0.0
7,0.0,0.0,0.07142857142857142,0.14285714285714285,0.0,0.07142857142857142,0.14285714285714285,0.0,0.0,0.0,0.0,0.0,0.0,0.0,0.0,0.14285714285714285,0.21428571428571427,0.21428571428571427,0.0,0.0
8,0.0,0.0,0.0,0.0,0.14285714285714285,0.0,0.0,0.0,0.0,0.21428571428571427,0.14285714285714285,0.0,0.0,0.0,0.0,0.0,0.0,0.0,0.0,0.5
