,allele,MHCflurry-BA,MHCflurry-PS,MHCfovea,TransPHLA,NetMHCpan-BA,NetMHCpan-EL
0,HLA-A*02:20,0.986896772131671,0.987855544902524,0.990092681367849,0.987216363055289,0.967401725790987,0.991690635985938
1,HLA-A*24:03,1.0,1.0,1.0,0.991228070175438,1.0,1.0
2,HLA-A*03:01,0.981480340789337,0.978394163834176,0.98469082570169,0.974144687040802,0.961909815504727,0.973765826072759
3,HLA-A*02:04,0.938575254970639,0.92439734212424,0.932851292881425,0.891650355413619,0.792424281446379,0.783146183166786
4,HLA-B*13:02,0.994134501191758,0.992129911330976,0.990627603943183,0.992179630208924,0.983321143534192,0.995635424423706
5,HLA-B*15:11,0.987925170068027,0.983673469387755,0.989115646258503,0.991241496598639,0.960714285714285,0.979166666666666
6,HLA-B*35:01,0.964087236914058,0.963561940525673,0.970338263935843,0.950432224643673,0.946039265231574,0.950131862862622
7,HLA-B*50:01,0.997447484147376,0.996524445133328,0.997287020422113,0.994585963845485,0.997523493280395,0.998127095219075
8,HLA-B*15:02,0.987574329630876,0.995792662403231,0.998864018848872,0.991837765062268,0.992875575002804,0.998008526870862
9,HLA-C*05:01,0.98512539127681,0.984166230223012,0.980046405125269,0.967173854792151,0.934636980378305,0.93392902817193
10,HLA-B*37:01,0.993646629594797,0.995254056298757,0.950890387893655,0.995118395591855,0.992295038918483,0.993915333760235
11,HLA-B*58:01,0.991407279848916,0.99042023470149,0.995343501830127,0.982301259425453,0.98742966268445,0.97803341603171
12,HLA-C*04:01,0.842947659831349,0.859253853119281,0.844219652952014,0.842937441440761,0.791947868915341,0.81410762794997
13,HLA-A*23:01,0.889927272727272,0.916379752066115,0.886911776859504,0.966246900826446,0.880394214876033,0.900053099173553
14,HLA-B*38:01,0.997378576433192,0.997970817575429,0.995762898702822,0.993168044516848,0.993670468515616,0.996595926937195
15,HLA-C*02:02,0.960440514167761,0.984639863639206,0.967012259961218,0.976091902796021,0.908011196597235,0.935879542753487
16,HLA-A*31:01,0.996727097881082,0.996371941557661,0.996739847082436,0.989829779948784,0.996646049386763,0.997974698299256
17,HLA-C*16:01,0.969687805606067,0.960417018502299,0.969977456336379,0.922983343610206,0.891795323957159,0.979627244056759
18,HLA-C*06:02,0.990128146883273,0.990004386445882,0.986896276220763,0.984068585214544,0.977035780865696,0.990569924647126
19,HLA-A*02:02,0.901956745623068,0.863343631994507,0.966234122897356,0.888293855132166,0.478688637143837,0.939539993134225
20,HLA-B*35:03,0.99493786816761,0.994755968395091,0.992306675015701,0.990729818126112,0.993817290267562,0.991341170789767
21,HLA-C*07:01,0.973066804262936,0.975070231429281,0.970840420178238,0.964459074665086,0.943474050999802,0.940656831081468
22,HLA-A*32:01,0.9845051614134,0.987573163415112,0.987081490519975,0.987814161469618,0.985754388422508,0.967849108491518
23,HLA-A*02:01,0.968048069926583,0.969146859071478,0.96851759479267,0.959131489959828,0.901008766119974,0.936169811780701
24,HLA-A*02:07,0.825638548143169,0.795433540581415,0.885733490169719,0.808120483952277,0.726810620063854,0.717799529490841
25,HLA-B*18:01,0.975881767522423,0.979720874219256,0.984069252208654,0.955740861399824,0.942357847397337,0.954682348413871
26,HLA-A*68:02,0.989647724733745,0.990803243577504,0.992739640389897,0.979201789248709,0.980263647873687,0.993731535959881
27,HLA-B*57:03,0.979837866430478,0.974323213311846,0.985512695132302,0.964544558028154,0.943956998109671,0.950541111562165
28,HLA-A*30:02,0.994687487815339,0.995559909541077,0.993466584785744,0.992084844231294,0.993912543377393,0.994107497952977
29,HLA-B*27:04,0.988739763421292,0.987488626023658,0.989592811646951,0.969631483166515,0.968494085532302,0.975432211101001
30,HLA-B*35:08,0.984335664335664,0.987412587412587,0.984615384615384,0.982937062937063,0.988251748251748,0.993006993006993
31,HLA-C*01:02,0.965374133616341,0.965695137769741,0.972113583061462,0.973248562032414,0.980890426214902,0.97538749787089
32,HLA-C*14:02,0.996121406144185,0.99889183032691,0.997722095671981,0.996367666071538,0.998645570399556,0.997475835744628
33,HLA-B*46:01,0.967203855712026,0.949017245274493,0.970931546050154,0.925465019956322,0.968597032909104,0.976165373898636
34,HLA-A*11:01,0.990061882337979,0.990986754735091,0.99214889254456,0.987996541669926,0.982911942508744,0.972911656635762
35,HLA-A*26:02,0.9375,0.8875,0.975,0.975,0.75,0.743749999999999
36,HLA-B*40:02,0.994955094474655,0.995158063929512,0.99583795294159,0.993387654060269,0.995840299409276,0.99619344279605
37,HLA-B*56:01,0.997572208932842,0.999607269092077,0.997215180834731,0.995465743153986,0.995537148773608,0.999250240993966
38,HLA-B*39:01,0.993188622754491,0.990260104790419,0.992510291916167,0.98330370508982,0.985516467065868,0.987163173652694
39,HLA-A*02:03,0.967834912458222,0.982070033422255,0.95594548186306,0.960705853494005,0.907973814123202,0.907421886977585
40,HLA-C*07:02,0.949682465963586,0.955239963889309,0.933470487859606,0.892651578799058,0.860993409277107,0.919651103933038
41,HLA-C*03:03,0.949158700196878,0.957230713024417,0.958737069286299,0.968349942830853,0.936068487960651,0.94429002009377
42,HLA-B*39:24,1.0,0.998650472334683,0.999325236167341,0.992240215924426,0.989878542510121,0.999325236167341
43,HLA-B*44:03,0.9955472275951,0.994398774983881,0.997325314313346,0.994789148130238,0.989731926982591,0.997652724049
44,HLA-B*15:03,0.924540753794719,0.912001682512745,0.955728883377209,0.957556440325189,0.631935832444937,0.782709280653278
45,HLA-B*54:01,0.792212327571154,0.807403527152086,0.965252313602235,0.944255281997555,0.731098306268552,0.726602060415575
46,HLA-B*40:01,0.974603041547727,0.973540261164557,0.976438208800919,0.963673867128502,0.959672723516934,0.968000580787026
47,HLA-B*51:01,0.970754030497566,0.971986222732491,0.972959686939085,0.968388286088517,0.967007325237302,0.970918969615627
48,HLA-A*69:01,0.995949074074074,0.995756172839506,0.999228395061728,0.986882716049382,0.999614197530864,1.0
49,HLA-A*01:01,0.974187826162325,0.976316318086705,0.976600790490686,0.964288830702756,0.917468011129415,0.938592319860009
50,HLA-B*45:01,0.99711147606559,0.995674256530447,0.996642450090283,0.994346898935465,0.996603857562586,0.99756951584688
51,HLA-C*08:02,0.963445123151076,0.979089897904018,0.956592119408178,0.943716716275081,0.973621579971042,0.974232623073401
52,HLA-B*57:01,0.993173645003853,0.99340482918058,0.993231441048034,0.991034121072009,0.97261537802894,0.984509589862145
53,HLA-B*15:18,0.992241731318905,0.989179256839526,0.994283380971825,0.991833401388321,0.995100040832993,0.999387505104124
54,HLA-B*15:01,0.994302338257864,0.993576476720477,0.994989340971381,0.985408564868046,0.974241603513093,0.993978479238103
55,HLA-B*73:01,0.985413677666188,0.986370157819225,0.986848397895743,0.990196078431372,0.996413199426112,0.995217599234815
56,HLA-B*07:02,0.990123376824912,0.989657289596161,0.990058605003893,0.988382499193725,0.981602778711121,0.985965025915475
57,HLA-C*12:03,0.97083153542886,0.982207199731512,0.963946022297703,0.972681072030507,0.899724874515487,0.904771915072524
58,HLA-B*08:01,0.984542406925727,0.98279261006823,0.989160842452646,0.969624712789385,0.956144583361621,0.978380346944058
59,HLA-A*29:02,0.990129535977286,0.986270073640315,0.995985271936829,0.987994632242037,0.994931683080472,0.981029855381066
60,HLA-B*14:02,0.984490235276026,0.987616997283305,0.988314111435747,0.988897431954482,0.976547234609667,0.977109026603106
61,HLA-B*49:01,0.997433730045063,0.99604048837292,0.997627265085436,0.985783950305256,0.995661082466989,0.997374756852591
62,HLA-B*27:06,0.913978494623655,0.798387096774193,0.700268817204301,0.876344086021505,0.479838709677419,0.475806451612903
63,HLA-B*41:01,0.991477272727272,0.99715909090909,0.994318181818181,0.992897727272727,0.995738636363636,1.0
64,HLA-C*03:04,0.947683917346113,0.946287421422792,0.948740041700379,0.968080926744258,0.964692770896869,0.962699165992406
65,HLA-B*53:01,0.965540253336733,0.938285301368698,0.989464847402873,0.989182181416305,0.894722859814673,0.89298648304004
66,HLA-A*33:01,0.998284015403954,0.999940140072231,0.996737633936588,0.991968793024323,0.997007003611548,0.999082147774208
67,HLA-B*27:05,0.995200317718625,0.992013444922313,0.997435487620597,0.983610368476113,0.995030803208183,0.996297318764772
68,HLA-B*39:06,0.991080038572806,0.980382111861137,0.990582810993249,0.991637536162005,0.984073649951784,0.987192622950819
69,HLA-B*27:02,1.0,1.0,1.0,1.0,1.0,1.0
70,HLA-C*07:04,0.927336158336311,0.957359473119926,0.91564473034836,0.933112098160344,0.898708326951549,0.925431834039584
71,HLA-A*24:02,0.983282805991702,0.98247311642835,0.984656069750164,0.970034443108874,0.943442310140318,0.960495418367432
72,HLA-A*02:06,0.972101423375209,0.972892910685987,0.964246734746366,0.968910909038652,0.900956736694378,0.974575742412395
73,HLA-A*30:01,0.984785833071149,0.992179423794327,0.989354256692114,0.979124262406657,0.948002478442048,0.9883269232004
74,HLA-B*18:03,0.942307692307692,0.942307692307692,0.98076923076923,0.942307692307692,0.98076923076923,1.0
75,HLA-B*44:02,0.995004995004995,0.991351040264083,0.991454197975937,0.991080929939625,0.988915975329018,0.994278819007079
76,HLA-A*68:01,0.994480359571435,0.993063749342365,0.993428144635832,0.989731928411164,0.992280234313267,0.994980190620578
77,HLA-A*02:05,0.980233675602164,0.986492887765751,0.978034113449666,0.983823141326617,0.93191475478351,0.991152399591804
78,HLA-A*26:01,0.992707404457695,0.989947835478681,0.995174044350053,0.982734428357169,0.984985739277229,0.978581460833497
