,allele,peptide_count,accuracy,f1,auroc,auprc,rule_count
0,HLA-A*03:01,4141,0.9541173629558077,0.7404371584699454,0.9674854912205185,0.7268746354441278,1674
0,HLA-A*26:01,27286,0.9970314446969142,0.0,0.8968758012438708,0.03351415905599395,1674
0,HLA-A*32:01,47200,0.6476694915254237,0.001800720288115246,0.7035880601361569,0.0009337104506667365,1674
0,HLA-B*07:02,11332,0.9699964701729615,0.0,0.5388277379925863,0.02896679722845286,1674
0,HLA-B*27:05,4958,0.991528842275111,0.0,0.7225483358518346,0.01931319661089147,1674
0,HLA-B*18:01,33642,0.8732833957553059,0.0,0.31364276491790416,0.08608092683808309,1674
0,HLA-B*35:01,4349,0.4499885031041619,0.08211818879508827,0.5411138707878638,0.06064224148834699,1674
0,HLA-A*11:01,74899,0.9535374304062805,0.07200000000000001,0.9783021490501411,0.10966614368121581,1674
0,HLA-A*30:02,51298,0.9936839642871067,0.0,0.6933437634031271,0.00011908124905174917,1674
0,HLA-A*29:02,2686,0.9683544303797469,0.04494382022471911,0.6813614586105936,0.021490168043138535,1674
0,HLA-B*57:01,3571,0.9574348921870625,0.012987012987012986,0.47789087250620776,0.034315465071543455,1674
0,HLA-C*06:02,29059,0.6581093637083175,0.0022095008536707848,0.470729481616092,0.0015423142573698638,1674
0,HLA-A*33:01,50118,0.9549064208468016,0.0,0.4683141449009318,1.8756799339760664e-05,1674
0,HLA-B*53:01,47057,0.900864908515205,0.0,0.7193509308849784,0.0001796928327923013,1674
0,HLA-A*24:02,6945,0.871130309575234,0.6153846153846154,0.8916089397657744,0.7359605653405298,1674
0,HLA-A*02:02,72826,0.1527064509927773,3.2411233733612074e-05,0.7531754205286646,2.7814864263462394e-05,1674
0,HLA-B*15:02,17828,0.6898698676239623,0.0007229351165732876,0.7604061483226747,0.0002340276152586005,1674
0,HLA-A*68:02,5180,0.8747104247104247,0.1732484076433121,0.9178735293652998,0.15610517375791202,1674
0,HLA-B*40:02,18986,0.9969977878436743,0.0,0.42427303497996705,0.0018869566180776643,1674
0,HLA-A*30:01,22263,0.9532857207025109,0.011406844106463879,0.9050695697398919,0.008349600830180999,1674
0,HLA-A*02:01,24407,0.322940140123735,0.1890366589782598,0.9408920363026558,0.6470958531792251,1674
0,HLA-B*14:02,27905,0.9983515499014514,0.0,0.6536588241324517,0.0021803118736264536,1674
0,HLA-B*39:01,828,0.8067632850241546,0.0,0.6346416541916168,0.23241116547874974,1674
0,HLA-B*15:01,31002,0.9425520934133281,0.005583472920156337,0.5048551705018729,0.009272091212607863,1674
0,HLA-B*44:02,2206,0.9174977334542158,0.0,0.30404649698127956,0.055019108267874206,1674
0,HLA-A*02:05,65480,0.09476175931582162,0.00124686178368633,0.8788836664545296,0.003826812003487486,1674
0,HLA-B*08:01,18936,0.6993557245458386,0.007669513683109639,0.6858200632128553,0.45491560757748906,1674
0,HLA-C*05:01,11757,0.6168240197329251,0.007490636704119849,0.6422709888798217,0.004267988757792433,1674
0,HLA-A*23:01,48450,0.9508978328173374,0.012453300124533,0.7642421487603306,0.010039747429449415,1674
0,HLA-A*02:06,50338,0.10965870713973538,0.003601600711427301,0.9344519785586038,0.01976088989792295,1674
0,HLA-B*51:01,4682,0.913071337035455,0.04683840749414519,0.7552319658479002,0.031029467830493634,1674
0,HLA-A*68:01,20481,0.8494702407109028,0.10767004341534007,0.8338232232580616,0.061395964387242,1674
0,HLA-B*45:01,27372,0.7582200789127576,0.00030211480362537764,0.09628694811981146,0.0012686249073867626,1674
0,HLA-B*58:01,20564,0.6347014199572067,0.0066120074054482935,0.5957102631537794,0.004522638061429929,1674
0,HLA-B*15:03,45966,0.2759648435800374,0.00012017425266636621,0.6250462328394577,0.0002574825579460226,1674
0,HLA-A*01:01,4701,0.8089768134439481,0.0,0.8450657580728378,0.5716869554186228,1674
0,HLA-B*44:03,2206,0.956482320942883,0.0,0.29802848968407475,0.02755726181650628,1674
0,HLA-A*02:03,21748,0.39240389920912266,0.0009073037955542114,0.919602612455156,0.013335912536274884,1674
0,HLA-A*02:07,11906,0.36351419452376954,0.0007911392405063291,0.6479373214585784,0.009860791997582377,1674
0,HLA-A*31:01,2971,0.8559407606866375,0.13709677419354838,0.7171908409737475,0.1092941120975167,1674
0,HLA-B*35:03,24186,0.9448441247002398,0.03751803751803752,0.5699402272170535,0.011206593742957297,1674
0,HLA-B*37:01,33781,0.9935170658062225,0.0,0.2235363474728722,0.0011857300546229239,1674
0,HLA-B*38:01,56582,0.9952458378989785,0.0,0.3730133568500619,0.0035582259304317732,1674
0,HLA-B*40:01,35218,0.9978704071781476,0.0,0.4076184388903774,0.0012271272623395097,1674
0,HLA-B*46:01,13281,0.9998494089300505,0.0,0.4962346562241132,0.00013952151624022205,1674
0,HLA-B*54:01,5729,0.9801012393087799,0.0,0.6898463418892964,0.0005232950549322766,1674
0,HLA-B*57:03,27169,0.9781736537966065,0.003361344537815126,0.583719804980461,0.0030284887835051893,1674
0,HLA-C*03:03,53803,0.10088656766351319,0.0022687429101784055,0.7740898604260962,0.002653754644952147,1674
0,HLA-C*03:04,32142,0.030116358658453114,0.0005129849310676499,0.8041579790875708,0.002180810622760911,1674
0,HLA-C*04:01,20978,0.9203451234626752,0.0164802825191289,0.6090021269973023,0.007702771872277744,1674
0,HLA-C*07:01,14315,0.6394690883688439,0.0038602586373287008,0.4564923462075028,0.002539332591712612,1674
0,HLA-C*07:02,14767,0.46454933297216766,0.0025230225810521007,0.42720721378885684,0.0013838996613229414,1674
0,HLA-C*08:02,37150,0.15590847913862718,0.0007647696131540373,0.585637172962482,0.00044317616224336624,1674
0,HLA-C*12:03,28561,0.24246349917719967,0.0016611295681063123,0.646223109803097,0.001069840181932424,1674
0,HLA-C*14:02,16244,0.06032996798818025,0.0001310100877767588,0.3250323216154651,4.502476361999099e-05,1674
0,HLA-B*35:08,168,0.7738095238095238,0.13636363636363635,0.4595804195804196,0.16533275852697224,1674
0,HLA-A*24:03,58,0.8448275862068966,0.18181818181818182,1.0,1.0,1674
0,HLA-B*73:01,133,0.5413533834586466,0.14084507042253522,0.6347441415590627,0.4078953494051271,1674
0,HLA-B*27:02,197,0.9949238578680203,0.0,0.7959183673469388,0.012195121951219513,1674
0,HLA-B*27:04,342,0.9181286549707602,0.0,0.4858962693357598,0.07233094111444793,1674
0,HLA-A*26:02,42,0.9523809523809523,0.0,0.425,0.03902116402116402,1674
0,HLA-A*69:01,194,0.8865979381443299,0.6944444444444444,0.9359567901234568,0.7543445510306054,1674
0,HLA-B*39:06,380,0.6421052631578947,0.0,0.4365808823529412,0.30939901390045205,1674
0,HLA-B*27:06,127,0.9763779527559056,0.0,0.2567204301075269,0.015343906087581911,1674
